{
    "loss": 0.746441662311554,
    "accuracy": 0.4051724076271057
}